domain,count,proportion,percentage
evaluation,8443,0.3694158827390068,36.94158827390068
condition_functionality,7302,0.31949245241741414,31.949245241741416
context_environment,4181,0.18293590024064757,18.293590024064756
appearance_style,2001,0.08755195799606214,8.755195799606213
age_era,928,0.040603806606869394,4.060380660686939
