domain,count,proportion,percentage
evaluation,8348,0.36525924305403634,36.525924305403635
condition_functionality,7639,0.3342375847735725,33.423758477357254
context_environment,4112,0.1799168672063006,17.99168672063006
appearance_style,1923,0.08413913804419164,8.413913804419163
age_era,833,0.03644716692189893,3.644716692189893
